Posicion,Club,Pais,Participaciones,Titulos,Partidos_Jug,Partidos_Gan,Partidos_Empat,Partidos_perd,Goles_favor,Goles_contra,Puntos,Diferencia_goles,Prob_ganar,Prob_empatar,Prob_perder,Probabilidad_marcar_gol,Probabilidad_recibir_gol
1,Real Madrid CF,ESP,53,14,476,285,81,110,1047,521,651,526,0.5987394957983193,0.17016806722689076,0.23109243697478993,2.1995798319327733,1.0945378151260505
2,FC Bayern München,GER,39,6,382,229,76,77,804,373,534,431,0.599476439790576,0.19895287958115182,0.20157068062827224,2.1047120418848166,0.9764397905759162
3,FC Barcelona,ESP,33,5,339,197,76,66,667,343,470,324,0.5811209439528023,0.22418879056047197,0.19469026548672566,1.9675516224188792,1.0117994100294985
4,Manchester United,ENG,30,3,293,160,69,64,533,284,389,249,0.5460750853242321,0.2354948805460751,0.21843003412969283,1.819112627986348,0.9692832764505119
5,Juventus,ITA,37,2,301,153,70,78,479,301,376,178,0.5083056478405316,0.23255813953488372,0.2591362126245847,1.5913621262458473,1.0
6,Liverpool FC,ENG,27,6,248,142,50,56,472,228,334,244,0.5725806451612904,0.20161290322580644,0.22580645161290322,1.903225806451613,0.9193548387096774
7,AC Milan,ITA,30,7,267,131,68,68,437,251,330,186,0.49063670411985016,0.2546816479400749,0.2546816479400749,1.6367041198501873,0.9400749063670412
8,SL Benfica,POR,42,2,287,130,67,90,475,334,327,141,0.4529616724738676,0.23344947735191637,0.313588850174216,1.6550522648083623,1.1637630662020906
9,FC Porto,POR,37,2,269,121,61,87,395,304,303,91,0.44981412639405205,0.22676579925650558,0.32342007434944237,1.4684014869888475,1.1301115241635689
10,AFC Ajax,NED,39,4,247,112,64,71,396,282,288,114,0.4534412955465587,0.2591093117408907,0.2874493927125506,1.6032388663967612,1.1417004048582995
11,FC Dynamo Kyiv,UKR,39,0,254,104,55,95,350,315,263,35,0.4094488188976378,0.21653543307086615,0.37401574803149606,1.3779527559055118,1.2401574803149606
12,Chelsea FC,ENG,19,2,201,104,53,44,342,181,261,161,0.5174129353233831,0.263681592039801,0.21890547263681592,1.7014925373134329,0.900497512437811
13,FC Internazionale Milano,ITA,24,3,205,98,54,53,290,204,250,86,0.47804878048780486,0.2634146341463415,0.25853658536585367,1.4146341463414633,0.9951219512195122
14,Arsenal FC,ENG,21,0,201,101,43,57,332,218,245,114,0.5024875621890548,0.21393034825870647,0.2835820895522388,1.6517412935323383,1.0845771144278606
15,Celtic FC,SCO,37,1,222,101,39,82,337,270,241,67,0.45495495495495497,0.17567567567567569,0.36936936936936937,1.518018018018018,1.2162162162162162
16,Borussia Dortmund,GER,21,1,170,81,33,56,287,214,195,73,0.4764705882352941,0.19411764705882353,0.32941176470588235,1.688235294117647,1.2588235294117647
17,Club Atlético de Madrid,ESP,18,0,160,76,42,42,226,152,194,74,0.475,0.2625,0.2625,1.4125,0.95
18,RSC Anderlecht,BEL,34,0,200,70,44,86,282,320,184,-38,0.35,0.22,0.43,1.41,1.6
19,PSV Eindhoven,NED,30,1,187,69,44,74,249,234,182,15,0.3689839572192513,0.23529411764705882,0.39572192513368987,1.3315508021390374,1.2513368983957218
20,Paris Saint-Germain,FRA,16,0,143,77,27,39,283,166,181,117,0.5384615384615384,0.1888111888111888,0.2727272727272727,1.979020979020979,1.1608391608391608
21,FK Crvena zvezda,SRB,28,1,151,70,33,48,278,203,173,75,0.46357615894039733,0.2185430463576159,0.31788079470198677,1.8410596026490067,1.3443708609271523
22,Rangers FC,SCO,32,0,173,64,41,68,242,248,169,-6,0.3699421965317919,0.23699421965317918,0.3930635838150289,1.3988439306358382,1.4335260115606936
23,Olympiacos FC,GRE,35,0,186,66,36,84,222,283,168,-61,0.3548387096774194,0.1935483870967742,0.45161290322580644,1.1935483870967742,1.521505376344086
24,Olympique Lyonnais,FRA,18,0,148,65,37,46,232,178,167,54,0.4391891891891892,0.25,0.3108108108108108,1.5675675675675675,1.2027027027027026
25,GNK Dinamo Zagreb,CRO,24,0,156,65,32,59,230,217,162,13,0.4166666666666667,0.20512820512820512,0.3782051282051282,1.4743589743589745,1.391025641025641
26,Galatasaray AS,TUR,27,0,177,57,43,77,215,279,157,-64,0.3220338983050847,0.24293785310734464,0.4350282485875706,1.2146892655367232,1.576271186440678
27,Manchester City FC,ENG,13,1,119,66,24,29,245,131,156,114,0.5546218487394958,0.20168067226890757,0.24369747899159663,2.0588235294117645,1.1008403361344539
28,FC Shakhtar Donetsk,UKR,23,0,152,58,36,58,214,231,152,-17,0.3815789473684211,0.23684210526315788,0.3815789473684211,1.4078947368421053,1.519736842105263
29,Valencia CF,ESP,13,0,128,57,35,36,191,130,149,61,0.4453125,0.2734375,0.28125,1.4921875,1.015625
30,Rosenborg BK,NOR,25,0,152,58,31,63,224,232,147,-8,0.3815789473684211,0.20394736842105263,0.4144736842105263,1.4736842105263157,1.5263157894736843
31,FCSB,ROU,26,1,145,52,41,52,203,204,145,-1,0.3586206896551724,0.2827586206896552,0.3586206896551724,1.4,1.4068965517241379
32,Panathinaikos FC,GRE,28,0,157,49,45,63,182,214,143,-32,0.31210191082802546,0.28662420382165604,0.4012738853503185,1.1592356687898089,1.3630573248407643
33,AC Sparta Praha,CZE,28,0,146,54,30,62,190,203,138,-13,0.3698630136986301,0.2054794520547945,0.4246575342465753,1.3013698630136987,1.3904109589041096
34,FC Basel 1893,SUI,21,0,118,47,23,48,170,192,117,-22,0.3983050847457627,0.19491525423728814,0.4067796610169492,1.4406779661016949,1.6271186440677967
35,AS Monaco FC,FRA,18,0,118,46,24,48,185,159,116,26,0.3898305084745763,0.2033898305084746,0.4067796610169492,1.5677966101694916,1.347457627118644
36,Club Brugge,BEL,23,0,127,43,32,52,160,200,118,-40,0.33858267716535434,0.25196850393700787,0.4094488188976378,1.2598425196850394,1.5748031496062993
37,Bayer 04 Leverkusen,GER,13,0,97,41,24,32,148,112,122,36,0.422680412371134,0.24742268041237114,0.32989690721649484,1.5257731958762886,1.1546391752577319
38,Ferencvárosi TC,HUN,30,0,124,41,22,61,151,213,122,-62,0.33064516129032256,0.1774193548387097,0.49193548387096775,1.217741935483871,1.717741935483871
39,AS Roma,ITA,16,0,102,41,19,42,159,135,122,23,0.4019607843137255,0.18627450980392157,0.4117647058823529,1.5588235294117647,1.3235294117647058
40,Levski Sofia,BUL,20,0,123,39,23,61,149,197,121,-48,0.3170731707317073,0.18699186991869918,0.4959349593495935,1.2113821138211383,1.6016260162601625
41,FK Partizan,SRB,22,0,105,41,24,40,161,133,106,28,0.3904761904761905,0.22857142857142856,0.38095238095238093,1.5333333333333334,1.2666666666666666
42,FC BATE Borisov,BLR,15,0,100,36,30,34,111,138,102,-27,0.36,0.3,0.34,1.11,1.38
43,F.C. Copenhagen,DEN,16,0,94,38,23,33,126,113,99,13,0.40425531914893614,0.24468085106382978,0.35106382978723405,1.3404255319148937,1.202127659574468
44,PFC CSKA Sofia,BUL,25,0,98,41,16,41,140,144,98,-4,0.41836734693877553,0.16326530612244897,0.41836734693877553,1.4285714285714286,1.469387755102041
45,FC Salzburg,AUT,18,0,86,35,22,29,125,115,92,10,0.4069767441860465,0.2558139534883721,0.3372093023255814,1.4534883720930232,1.3372093023255813
46,PFC CSKA Moskva,RUS,15,0,104,34,24,46,125,155,92,-30,0.3269230769230769,0.23076923076923078,0.4423076923076923,1.2019230769230769,1.4903846153846154
47,Feyenoord,NED,17,1,89,34,23,32,147,116,91,31,0.38202247191011235,0.25842696629213485,0.3595505617977528,1.651685393258427,1.303370786516854
48,Legia Warszawa,POL,15,0,76,37,15,24,106,91,89,15,0.4868421052631579,0.19736842105263158,0.3157894736842105,1.394736842105263,1.1973684210526316
49,Malmö FF,SWE,19,0,95,33,23,39,103,148,89,-45,0.3473684210526316,0.24210526315789474,0.4105263157894737,1.0842105263157895,1.5578947368421052
50,FC Sheriff Tiraspol,MDA,20,0,90,33,19,38,94,93,85,1,0.36666666666666664,0.2111111111111111,0.4222222222222222,1.0444444444444445,1.0333333333333334
51,Fenerbahçe SK,TUR,27,0,107,32,21,54,120,179,85,-59,0.29906542056074764,0.19626168224299065,0.5046728971962616,1.1214953271028036,1.6728971962616823
52,NK Maribor,SVN,16,0,82,32,20,30,94,111,84,-17,0.3902439024390244,0.24390243902439024,0.36585365853658536,1.146341463414634,1.353658536585366
53,Sporting Clube de Portugal,POR,23,0,106,31,22,53,140,178,84,-38,0.29245283018867924,0.20754716981132076,0.5,1.320754716981132,1.679245283018868
54,IFK Göteborg,SWE,15,0,82,35,13,34,138,119,83,19,0.4268292682926829,0.15853658536585366,0.4146341463414634,1.6829268292682926,1.451219512195122
55,APOEL FC,CYP,18,0,94,29,25,40,99,122,83,-23,0.30851063829787234,0.26595744680851063,0.425531914893617,1.053191489361702,1.297872340425532
56,FC Schalke 04,GER,10,0,77,31,18,28,109,117,80,-8,0.4025974025974026,0.23376623376623376,0.36363636363636365,1.4155844155844155,1.5194805194805194
57,SK Rapid Wien,AUT,18,0,81,35,9,37,130,122,79,8,0.43209876543209874,0.1111111111111111,0.4567901234567901,1.6049382716049383,1.5061728395061729
58,Sevilla FC,ESP,10,0,72,30,19,23,110,103,79,7,0.4166666666666667,0.2638888888888889,0.3194444444444444,1.5277777777777777,1.4305555555555556
59,FC Zenit,RUS,11,0,76,30,15,31,98,96,75,2,0.39473684210526316,0.19736842105263158,0.40789473684210525,1.2894736842105263,1.263157894736842
60,SSC Napoli,ITA,10,0,62,29,16,17,106,73,74,33,0.46774193548387094,0.25806451612903225,0.27419354838709675,1.7096774193548387,1.1774193548387097
61,Besiktas JK,TUR,21,0,89,27,19,43,89,153,73,-64,0.30337078651685395,0.21348314606741572,0.48314606741573035,1.0,1.7191011235955056
62,HJK Helsinki,FIN,22,0,80,29,13,38,104,126,71,-22,0.3625,0.1625,0.475,1.3,1.575
63,Ferencvárosi TC,HUN,15,0,69,26,18,25,111,117,70,-6,0.37681159420289856,0.2608695652173913,0.36231884057971014,1.608695652173913,1.6956521739130435
64,Tottenham Hotspur,ENG,7,0,63,28,13,22,116,90,69,26,0.4444444444444444,0.20634920634920634,0.3492063492063492,1.8412698412698412,1.4285714285714286
65,SV Werder Bremen,GER,9,0,66,27,14,25,109,107,68,2,0.4090909090909091,0.21212121212121213,0.3787878787878788,1.6515151515151516,1.621212121212121
66,RC Deportivo La Coruña,ESP,5,0,62,25,17,20,78,79,67,-1,0.4032258064516129,0.27419354838709675,0.3225806451612903,1.2580645161290323,1.2741935483870968
67,FK Austria Wien,AUT,19,0,73,25,16,32,100,110,66,-10,0.3424657534246575,0.2191780821917808,0.4383561643835616,1.36986301369863,1.5068493150684932
68,SS Lazio,ITA,7,0,60,24,16,20,93,77,64,16,0.4,0.26666666666666666,0.3333333333333333,1.55,1.2833333333333334
69,VfL Borussia Mönchengladbach,GER,9,0,55,22,16,17,110,74,60,36,0.4,0.2909090909090909,0.3090909090909091,2.0,1.3454545454545455
70,R. Standard de Liège,BEL,14,0,58,25,10,23,87,73,60,14,0.43103448275862066,0.1724137931034483,0.39655172413793105,1.5,1.2586206896551724
71,PFC Ludogorets 1945,BUL,11,0,60,22,14,24,90,84,58,6,0.36666666666666664,0.23333333333333334,0.4,1.5,1.4
72,FC Girondins de Bordeaux,FRA,7,0,50,21,16,13,54,54,58,0,0.42,0.32,0.26,1.08,1.08
73,FC Dinamo 1948,ROU,18,0,66,24,10,32,96,106,58,-10,0.36363636363636365,0.15151515151515152,0.48484848484848486,1.4545454545454546,1.606060606060606
74,AEK Athens FC,GRE,16,0,74,18,22,34,79,118,58,-39,0.24324324324324326,0.2972972972972973,0.4594594594594595,1.0675675675675675,1.5945945945945945
75,ACF Fiorentina,ITA,5,0,45,21,15,9,63,49,57,14,0.4666666666666667,0.3333333333333333,0.2,1.4,1.0888888888888888
76,Qarabag FK,AZE,8,0,47,19,17,11,58,40,55,18,0.40425531914893614,0.3617021276595745,0.23404255319148937,1.2340425531914894,0.851063829787234
77,FK Dukla Praha,CZE,10,0,45,22,10,13,75,58,54,17,0.4888888888888889,0.2222222222222222,0.28888888888888886,1.6666666666666667,1.288888888888889
78,FC Viktoria Plzen,CZE,9,0,53,22,9,22,82,105,53,-23,0.41509433962264153,0.16981132075471697,0.41509433962264153,1.5471698113207548,1.9811320754716981
79,BSC Young Boys,SUI,14,0,57,19,15,23,77,109,53,-32,0.3333333333333333,0.2631578947368421,0.40350877192982454,1.3508771929824561,1.912280701754386
80,Leeds United AFC,ENG,4,0,40,22,6,12,76,41,50,35,0.55,0.15,0.3,1.9,1.025
81,Hamburger SV,GER,6,1,43,19,9,15,72,56,47,16,0.4418604651162791,0.20930232558139536,0.3488372093023256,1.6744186046511629,1.302325581395349
82,HNK Hajduk Split,CRO,10,0,40,18,10,12,58,47,46,11,0.45,0.25,0.3,1.45,1.175
83,Górnik Zabrze,POL,12,0,43,20,6,17,69,65,46,4,0.46511627906976744,0.13953488372093023,0.3953488372093023,1.6046511627906976,1.5116279069767442
84,AS Saint-Étienne,FRA,10,0,41,19,7,15,50,44,45,6,0.4634146341463415,0.17073170731707318,0.36585365853658536,1.2195121951219512,1.0731707317073171
85,Maccabi Haifa FC,ISR,10,0,52,18,9,25,88,88,45,0,0.34615384615384615,0.17307692307692307,0.4807692307692308,1.6923076923076923,1.6923076923076923
86,Újpest FC,HUN,11,0,44,18,8,18,70,72,44,-2,0.4090909090909091,0.18181818181818182,0.4090909090909091,1.5909090909090908,1.6363636363636365
87,PFC Levski Sofia,BUL,15,0,58,15,14,29,74,82,44,-8,0.25862068965517243,0.2413793103448276,0.5,1.2758620689655173,1.4137931034482758
88,LOSC Lille,FRA,8,0,56,14,16,26,49,63,44,-14,0.25,0.2857142857142857,0.4642857142857143,0.875,1.125
89,Villarreal CF,ESP,5,0,46,14,15,17,51,56,43,-5,0.30434782608695654,0.32608695652173914,0.3695652173913043,1.108695652173913,1.2173913043478262
90,ŠK Slovan Bratislava,SVK,13,0,44,16,11,17,50,58,43,-8,0.36363636363636365,0.25,0.38636363636363635,1.1363636363636365,1.3181818181818181
91,Linfield FC,NIR,32,0,77,10,23,44,63,139,43,-76,0.12987012987012986,0.2987012987012987,0.5714285714285714,0.8181818181818182,1.8051948051948052
92,CFR 1907 Cluj,ROU,8,0,42,16,10,16,54,54,42,0,0.38095238095238093,0.23809523809523808,0.38095238095238093,1.2857142857142858,1.2857142857142858
93,Omonoia FC,CYP,20,0,55,17,8,30,65,112,42,-47,0.3090909090909091,0.14545454545454545,0.5454545454545454,1.1818181818181819,2.036363636363636
94,RB Leipzig,GER,5,0,38,18,5,15,66,70,41,-4,0.47368421052631576,0.13157894736842105,0.39473684210526316,1.736842105263158,1.8421052631578947
95,Grasshopper Club Zürich,SUI,15,0,54,15,11,28,80,85,41,-5,0.2777777777777778,0.2037037037037037,0.5185185185185185,1.4814814814814814,1.5740740740740742
96,Maccabi Tel-Aviv FC,ISR,10,0,47,15,10,22,50,63,40,-13,0.3191489361702128,0.2127659574468085,0.46808510638297873,1.0638297872340425,1.3404255319148937
97,FC Zürich,SUI,12,0,47,17,6,24,60,82,40,-22,0.3617021276595745,0.1276595744680851,0.5106382978723404,1.2765957446808511,1.7446808510638299
98,FC Spartak Trnava,SVK,6,0,30,15,9,6,50,25,39,25,0.5,0.3,0.2,1.6666666666666667,0.8333333333333334
99,FC Lokomotiv Moskva,RUS,8,0,57,14,11,32,56,84,39,-28,0.24561403508771928,0.19298245614035087,0.5614035087719298,0.9824561403508771,1.4736842105263157
100,Berliner FC Dynamo,GER,10,0,38,15,8,15,54,52,38,2,0.39473684210526316,0.21052631578947367,0.39473684210526316,1.4210526315789473,1.368421052631579
101,FC Nantes,FRA,8,0,40,12,14,14,52,54,38,-2,0.3,0.35,0.35,1.3,1.35
102,Skonto FC,LVA,12,0,42,16,6,20,57,62,38,-5,0.38095238095238093,0.14285714285714285,0.47619047619047616,1.3571428571428572,1.4761904761904763
103,Brøndby IF,DEN,12,0,44,15,8,21,56,67,38,-11,0.3409090909090909,0.18181818181818182,0.4772727272727273,1.2727272727272727,1.5227272727272727
104,SK Slavia Praha,CZE,13,0,46,13,12,21,34,63,38,-29,0.2826086956521739,0.2608695652173913,0.45652173913043476,0.7391304347826086,1.3695652173913044
105,SK Sturm Graz,AUT,7,0,44,15,7,22,51,81,37,-30,0.3409090909090909,0.1590909090909091,0.5,1.1590909090909092,1.8409090909090908
106,Wisła Kraków,POL,8,0,32,15,4,13,58,50,34,8,0.46875,0.125,0.40625,1.8125,1.5625
107,Anorthosis Famagusta FC,CYP,8,0,36,12,9,15,47,44,33,3,0.3333333333333333,0.25,0.4166666666666667,1.3055555555555556,1.2222222222222223
108,FC Dinamo Tbilisi,GEO,13,0,39,14,4,21,52,58,32,-6,0.358974358974359,0.10256410256410256,0.5384615384615384,1.3333333333333333,1.4871794871794872
109,FC Astana,KAZ,6,0,31,11,10,10,37,45,32,-8,0.3548387096774194,0.3225806451612903,0.3225806451612903,1.1935483870967742,1.4516129032258065
110,Stade de Reims,FRA,4,0,24,14,3,7,63,30,31,33,0.5833333333333334,0.125,0.2916666666666667,2.625,1.25
111,Vasas FC,HUN,6,0,27,12,6,9,62,34,30,28,0.4444444444444444,0.2222222222222222,0.3333333333333333,2.2962962962962963,1.2592592592592593
112,1. FC Dynamo Dresden,GER,7,0,30,12,6,12,48,44,30,4,0.4,0.2,0.4,1.6,1.4666666666666666
113,Nottingham Forest FC,ENG,3,2,20,12,4,4,32,14,28,18,0.6,0.2,0.2,1.6,0.7
114,FBK Kaunas,LTU,8,0,28,11,6,11,41,39,28,2,0.39285714285714285,0.21428571428571427,0.39285714285714285,1.4642857142857142,1.3928571428571428
115,Athletic Club,ESP,5,0,28,10,8,10,38,36,28,2,0.35714285714285715,0.2857142857142857,0.35714285714285715,1.3571428571428572,1.2857142857142858
116,Trabzonspor AS,TUR,10,0,30,10,8,12,25,36,28,-11,0.3333333333333333,0.26666666666666666,0.4,0.8333333333333334,1.2
117,Molde FK,NOR,5,0,27,8,11,8,39,30,27,9,0.2962962962962963,0.4074074074074074,0.2962962962962963,1.4444444444444444,1.1111111111111112
118,Budapest Honvéd FC,HUN,10,0,30,12,3,15,47,54,27,-7,0.4,0.1,0.5,1.5666666666666667,1.8
119,Debreceni VSC,HUN,7,0,32,11,5,16,37,50,27,-13,0.34375,0.15625,0.5,1.15625,1.5625
120,FC Pyunik,ARM,12,0,38,9,9,20,33,62,27,-29,0.23684210526315788,0.23684210526315788,0.5263157894736842,0.868421052631579,1.631578947368421
121,F91 Diddeleng,LUX,17,0,44,10,7,27,50,92,27,-42,0.22727272727272727,0.1590909090909091,0.6136363636363636,1.1363636363636365,2.090909090909091
122,VfB Stuttgart,GER,5,0,29,9,8,12,35,42,26,-7,0.3103448275862069,0.27586206896551724,0.41379310344827586,1.206896551724138,1.4482758620689655
123,Newcastle United FC,ENG,3,0,24,11,3,10,33,33,25,0,0.4583333333333333,0.125,0.4166666666666667,1.375,1.375
124,The New Saints FC,WAL,14,0,38,10,5,23,37,65,25,-28,0.2631578947368421,0.13157894736842105,0.6052631578947368,0.9736842105263158,1.7105263157894737
125,VfL Wolfsburg,GER,3,0,22,10,3,9,29,29,23,0,0.45454545454545453,0.13636363636363635,0.4090909090909091,1.3181818181818181,1.3181818181818181
126,KKS Lech Poznan,POL,8,0,26,11,1,14,29,43,23,-14,0.4230769230769231,0.038461538461538464,0.5384615384615384,1.1153846153846154,1.6538461538461537
127,MŠK Žilina,SVK,7,0,28,9,5,14,27,45,23,-18,0.32142857142857145,0.17857142857142858,0.5,0.9642857142857143,1.6071428571428572
128,Valletta FC,MLT,18,0,46,8,7,31,38,113,23,-75,0.17391304347826086,0.15217391304347827,0.6739130434782609,0.8260869565217391,2.4565217391304346
129,1. FC Köln,GER,3,0,17,7,8,2,27,19,22,8,0.4117647058823529,0.47058823529411764,0.11764705882352941,1.588235294117647,1.1176470588235294
130,Atalanta BC,ITA,3,0,23,8,6,9,40,43,22,-3,0.34782608695652173,0.2608695652173913,0.391304347826087,1.7391304347826086,1.8695652173913044
131,MTK Budapest,HUN,7,0,24,10,2,12,41,46,22,-5,0.4166666666666667,0.08333333333333333,0.5,1.7083333333333333,1.9166666666666667
132,Boavista FC,POR,3,0,24,7,8,9,27,32,22,-5,0.2916666666666667,0.3333333333333333,0.375,1.125,1.3333333333333333
133,Real Sociedad de Fútbol,ESP,4,0,26,8,6,12,24,29,22,-5,0.3076923076923077,0.23076923076923078,0.46153846153846156,0.9230769230769231,1.1153846153846154
134,Aston Villa FC,ENG,2,1,15,9,3,3,24,10,21,14,0.6,0.2,0.2,1.6,0.6666666666666666
135,Hapoel Beer-Sheva FC,ISR,3,0,16,9,3,4,27,24,21,3,0.5625,0.1875,0.25,1.6875,1.5
136,FC Midtjylland,DEN,5,0,24,7,7,10,25,33,21,-8,0.2916666666666667,0.2916666666666667,0.4166666666666667,1.0416666666666667,1.375
137,PAOK FC,GRE,9,0,28,6,9,13,36,49,21,-13,0.21428571428571427,0.32142857142857145,0.4642857142857143,1.2857142857142858,1.75
138,MFK Petržalka,SVK,2,0,18,7,6,5,25,24,20,1,0.3888888888888889,0.3333333333333333,0.2777777777777778,1.3888888888888888,1.3333333333333333
139,RTS Widzew Łódź,POL,5,0,26,9,2,15,48,51,20,-3,0.34615384615384615,0.07692307692307693,0.5769230769230769,1.8461538461538463,1.9615384615384615
140,Aalborg BK,DEN,4,0,24,7,6,11,32,41,20,-9,0.2916666666666667,0.25,0.4583333333333333,1.3333333333333333,1.7083333333333333
141,AJ Auxerre,FRA,3,0,24,9,2,13,19,31,20,-12,0.375,0.08333333333333333,0.5416666666666666,0.7916666666666666,1.2916666666666667
142,FK Žalgiris Vilnius,LTU,8,0,24,8,4,12,21,37,20,-16,0.3333333333333333,0.16666666666666666,0.5,0.875,1.5416666666666667
143,FC Wacker Innsbruck,AUT,9,0,27,8,4,15,37,54,20,-17,0.2962962962962963,0.14814814814814814,0.5555555555555556,1.3703703703703705,2.0
144,KF Tirana,ALB,15,0,40,8,4,28,37,65,20,-28,0.2,0.1,0.7,0.925,1.625
145,Dundalk FC,IRL,12,0,33,4,12,17,24,60,20,-36,0.12121212121212122,0.36363636363636365,0.5151515151515151,0.7272727272727273,1.8181818181818181
146,FFC Victoria 91,GER,6,0,22,9,1,12,35,33,19,2,0.4090909090909091,0.045454545454545456,0.5454545454545454,1.5909090909090908,1.5
147,Neftçi PFK,AZE,7,0,22,7,5,10,18,36,19,-18,0.3181818181818182,0.22727272727272727,0.45454545454545453,0.8181818181818182,1.6363636363636365
148,KRC Genk,BEL,6,0,30,5,9,16,27,65,19,-38,0.16666666666666666,0.3,0.5333333333333333,0.9,2.1666666666666665
149,FC Aktobe,KAZ,5,0,16,7,4,5,23,18,18,5,0.4375,0.25,0.3125,1.4375,1.125
150,OGC Nice,FRA,3,0,18,7,4,7,32,32,18,0,0.3888888888888889,0.2222222222222222,0.3888888888888889,1.7777777777777777,1.7777777777777777
151,Servette FC,SUI,7,0,21,6,6,9,32,39,18,-7,0.2857142857142857,0.2857142857142857,0.42857142857142855,1.5238095238095237,1.8571428571428572
152,FC Levadia Tallinn,EST,8,0,21,6,6,9,21,29,18,-8,0.2857142857142857,0.2857142857142857,0.42857142857142855,1.0,1.380952380952381
153,FK Vardar,MKD,8,0,24,5,8,11,30,40,18,-10,0.20833333333333334,0.3333333333333333,0.4583333333333333,1.25,1.6666666666666667
154,AS Jeunesse Esch,LUX,22,0,49,7,4,38,43,158,18,-115,0.14285714285714285,0.08163265306122448,0.7755102040816326,0.8775510204081632,3.2244897959183674
155,Eintracht Frankfurt,GER,2,0,15,7,3,5,30,28,17,2,0.4666666666666667,0.2,0.3333333333333333,2.0,1.8666666666666667
156,PFC Litex Lovech,BUL,4,0,16,8,1,7,29,28,17,1,0.5,0.0625,0.4375,1.8125,1.75
157,Helsingborgs IF,SWE,2,0,16,6,5,5,19,19,17,0,0.375,0.3125,0.3125,1.1875,1.1875
158,AIK,SWE,4,0,20,7,3,10,18,29,17,-11,0.35,0.15,0.5,0.9,1.45
159,FH Hafnarfjördur,ISL,8,0,24,5,7,12,21,35,17,-14,0.20833333333333334,0.2916666666666667,0.5,0.875,1.4583333333333333
160,UC Sampdoria,ITA,2,0,13,7,2,4,25,15,16,10,0.5384615384615384,0.15384615384615385,0.3076923076923077,1.9230769230769231,1.1538461538461537
161,FC Zimbru Chisinau,MDA,4,0,16,7,2,7,24,17,16,7,0.4375,0.125,0.4375,1.5,1.0625
162,AGF Aarhus,DEN,5,0,18,6,4,8,22,25,16,-3,0.3333333333333333,0.2222222222222222,0.4444444444444444,1.2222222222222223,1.3888888888888888
163,SC Braga,POR,2,0,18,7,2,9,23,31,16,-8,0.3888888888888889,0.1111111111111111,0.5,1.2777777777777777,1.7222222222222223
164,Shelbourne FC,IRL,6,0,20,4,8,8,21,31,16,-10,0.2,0.4,0.4,1.05,1.55
165,Valkeakosken Haka,FIN,8,0,26,6,4,16,30,56,16,-26,0.23076923076923078,0.15384615384615385,0.6153846153846154,1.1538461538461537,2.1538461538461537
166,Málaga CF,ESP,1,0,12,5,5,2,18,9,15,9,0.4166666666666667,0.4166666666666667,0.16666666666666666,1.5,0.75
167,Parma FC,ITA,3,0,12,6,3,3,15,10,15,5,0.5,0.25,0.25,1.25,0.8333333333333334
168,Fehérvár FC,HUN,3,0,14,4,7,3,13,13,15,0,0.2857142857142857,0.5,0.21428571428571427,0.9285714285714286,0.9285714285714286
169,FC Rubin,RUS,3,0,16,4,7,5,12,16,15,-4,0.25,0.4375,0.3125,0.75,1.0
170,ETO FC Gyor,HUN,4,0,16,7,1,8,28,34,15,-6,0.4375,0.0625,0.5,1.75,2.125
171,Lincoln Red Imps FC,GIB,7,0,19,6,3,10,22,29,15,-7,0.3157894736842105,0.15789473684210525,0.5263157894736842,1.1578947368421053,1.5263157894736843
172,KF Skënderbeu,ALB,5,0,16,6,3,7,18,25,15,-7,0.375,0.1875,0.4375,1.125,1.5625
173,FC Baník Ostrava,CZE,4,0,16,6,3,7,20,29,15,-9,0.375,0.1875,0.4375,1.25,1.8125
174,Beitar Jerusalem FC,ISR,5,0,16,6,3,7,20,29,15,-9,0.375,0.1875,0.4375,1.25,1.8125
175,Shamrock Rovers FC,IRL,11,0,26,4,7,15,16,40,15,-24,0.15384615384615385,0.2692307692307692,0.5769230769230769,0.6153846153846154,1.5384615384615385
176,Hibernians FC,MLT,12,0,28,5,5,18,20,71,15,-51,0.17857142857142858,0.17857142857142858,0.6428571428571429,0.7142857142857143,2.5357142857142856
177,Derby County FC,ENG,2,0,12,6,2,4,18,12,14,6,0.5,0.16666666666666666,0.3333333333333333,1.5,1.0
178,FC Wismut Aue,GER,3,0,16,5,4,7,26,23,14,3,0.3125,0.25,0.4375,1.625,1.4375
179,1. FC Kaiserslautern,GER,2,0,12,6,2,4,18,16,14,2,0.5,0.16666666666666666,0.3333333333333333,1.5,1.3333333333333333
180,Aberdeen FC,SCO,3,0,12,5,4,3,14,12,14,2,0.4166666666666667,0.3333333333333333,0.25,1.1666666666666667,1.0
181,FC Dnipro Dnipropetrovsk,UKR,3,0,14,5,4,5,15,15,14,0,0.35714285714285715,0.2857142857142857,0.35714285714285715,1.0714285714285714,1.0714285714285714
182,Ruch Chorzów,POL,4,0,14,5,4,5,20,25,14,-5,0.35714285714285715,0.2857142857142857,0.35714285714285715,1.4285714285714286,1.7857142857142858
183,FK Ventspils,LVA,6,0,20,6,2,12,21,31,14,-10,0.3,0.1,0.6,1.05,1.55
184,MFK Košice,SVK,2,0,14,6,1,7,22,17,13,5,0.42857142857142855,0.07142857142857142,0.5,1.5714285714285714,1.2142857142857142
185,Hapoel Tel-Aviv FC,ISR,2,0,14,5,3,6,21,20,13,1,0.35714285714285715,0.21428571428571427,0.42857142857142855,1.5,1.4285714285714286
186,FK Senica,SVK,3,0,12,5,3,4,16,17,13,-1,0.4166666666666667,0.25,0.3333333333333333,1.3333333333333333,1.4166666666666667
187,Djurgårdens IF,SWE,7,0,17,4,5,8,17,30,13,-13,0.23529411764705882,0.29411764705882354,0.47058823529411764,1.0,1.7647058823529411
188,FK Ekranas,LTU,7,0,20,5,3,12,19,40,13,-21,0.25,0.15,0.6,0.95,2.0
189,Glentoran FC,NIR,12,0,28,3,7,18,20,59,13,-39,0.10714285714285714,0.25,0.6428571428571429,0.7142857142857143,2.107142857142857
190,Grazer AK,AUT,3,0,10,5,2,3,19,13,12,6,0.5,0.2,0.3,1.9,1.3
191,Wiener SC,AUT,2,0,12,4,4,4,21,18,12,3,0.3333333333333333,0.3333333333333333,0.3333333333333333,1.75,1.5
192,FK Rabotnicki,MKD,4,0,14,3,6,5,15,13,12,2,0.21428571428571427,0.42857142857142855,0.35714285714285715,1.0714285714285714,0.9285714285714286
193,Leicester City FC,ENG,1,0,10,5,2,3,11,10,12,1,0.5,0.2,0.3,1.1,1.0
194,RC Lens,FRA,2,0,12,4,4,4,16,17,12,-1,0.3333333333333333,0.3333333333333333,0.3333333333333333,1.3333333333333333,1.4166666666666667
195,FK Sarajevo,BIH,6,0,18,5,2,11,24,26,12,-2,0.2777777777777778,0.1111111111111111,0.6111111111111112,1.3333333333333333,1.4444444444444444
196,FC Torpedo Kutaisi,GEO,4,0,12,5,2,5,14,19,12,-5,0.4166666666666667,0.16666666666666666,0.4166666666666667,1.1666666666666667,1.5833333333333333
197,Bohemian FC,IRL,6,0,18,4,4,10,13,29,12,-16,0.2222222222222222,0.2222222222222222,0.5555555555555556,0.7222222222222222,1.6111111111111112
198,FC Flora Tallinn,EST,11,0,23,4,4,15,20,45,12,-25,0.17391304347826086,0.17391304347826086,0.6521739130434783,0.8695652173913043,1.9565217391304348
199,FK Partizani,ALB,10,0,22,3,6,13,9,36,12,-27,0.13636363636363635,0.2727272727272727,0.5909090909090909,0.4090909090909091,1.6363636363636365
200,Dundee United FC,SCO,1,0,8,5,1,2,14,5,11,9,0.625,0.125,0.25,1.75,0.625
200,Dundee United FC,SCO,1,0,8,5,0,3,20,14,10,6,0.625,0.0,0.375,2.5,1.75
201,IF Elfsborg,SWE,2,0,10,4,3,3,14,7,11,7,0.4,0.3,0.3,1.4,0.7
202,1. FC Nürnberg,GER,2,0,8,5,1,2,16,14,11,2,0.625,0.125,0.25,2.0,1.75
203,FK Vojvodina,SRB,2,0,9,5,1,3,10,9,11,1,0.5555555555555556,0.1111111111111111,0.3333333333333333,1.1111111111111112,1.0
204,FC Dinamo Minsk,BLR,4,0,12,3,5,4,18,18,11,0,0.25,0.4166666666666667,0.3333333333333333,1.5,1.5
205,Udinese Calcio,ITA,3,0,12,4,3,5,17,19,11,-2,0.3333333333333333,0.25,0.4166666666666667,1.4166666666666667,1.5833333333333333
206,AZ Alkmaar,NED,3,0,12,3,5,4,15,17,11,-2,0.25,0.4166666666666667,0.3333333333333333,1.25,1.4166666666666667
207,ND Gorica,SVN,3,0,12,5,1,6,20,25,11,-5,0.4166666666666667,0.08333333333333333,0.5,1.6666666666666667,2.0833333333333335
208,Hertha BSC Berlin,GER,1,0,14,3,5,6,12,18,11,-6,0.21428571428571427,0.35714285714285715,0.42857142857142855,0.8571428571428571,1.2857142857142858
209,IFK Norrköping,SWE,5,0,14,3,5,6,18,25,11,-7,0.21428571428571427,0.35714285714285715,0.42857142857142855,1.2857142857142858,1.7857142857142858
210,Lillestrøm SK,NOR,5,0,14,3,5,6,10,17,11,-7,0.21428571428571427,0.35714285714285715,0.42857142857142855,0.7142857142857143,1.2142857142857142
212,FC Twente,NED,4,0,14,2,7,5,15,23,11,-8,0.14285714285714285,0.5,0.35714285714285715,1.0714285714285714,1.6428571428571428
213,Alashkert FC,ARM,4,0,14,3,5,6,12,20,11,-8,0.21428571428571427,0.35714285714285715,0.42857142857142855,0.8571428571428571,1.4285714285714286
214,AEL Limassol FC,CYP,3,0,10,5,1,4,8,18,11,-10,0.5,0.1,0.4,0.8,1.8
215,FC Lahti,FIN,5,0,14,5,1,8,12,25,11,-13,0.35714285714285715,0.07142857142857142,0.5714285714285714,0.8571428571428571,1.7857142857142858
216,Tampere United,FIN,4,0,14,5,1,8,13,27,11,-14,0.35714285714285715,0.07142857142857142,0.5714285714285714,0.9285714285714286,1.9285714285714286
217,HB Tórshavn,FRO,10,0,21,3,5,13,19,52,11,-33,0.14285714285714285,0.23809523809523808,0.6190476190476191,0.9047619047619048,2.4761904761904763
218,Sliema Wanderers FC,MLT,10,0,24,5,1,18,17,66,11,-49,0.20833333333333334,0.041666666666666664,0.75,0.7083333333333334,2.75
219,FC Ararat Yerevan,ARM,1,0,6,5,0,1,14,5,10,9,0.8333333333333334,0.0,0.16666666666666666,2.3333333333333335,0.8333333333333334
220,Dundee FC,SCO,1,0,8,5,0,3,20,14,10,6,0.625,0.0,0.375,2.5,1.75
221,FC Carl Zeiss Jena,GER,2,0,8,5,0,3,12,11,10,1,0.625,0.0,0.375,1.5,1.375
222,FC Thun,SUI,1,0,10,4,2,4,11,11,10,0,0.4,0.2,0.4,1.1,1.1
223,FC Rostov,RUS,1,0,10,3,4,3,15,16,10,-1,0.3,0.4,0.3,1.5,1.6
224,Halmstads BK,SWE,4,0,10,4,2,4,13,14,10,-1,0.4,0.2,0.4,1.3,1.4
225,FC Universitatea Craiova,ROU,4,0,12,4,2,6,14,17,10,-3,0.3333333333333333,0.16666666666666666,0.5,1.1666666666666667,1.4166666666666667
226,RCD Mallorca,ESP,2,0,10,4,2,4,7,11,10,-4,0.4,0.2,0.4,0.7,1.1
227,Kjøbenhavns BK,DEN,4,0,13,4,2,7,19,25,10,-6,0.3076923076923077,0.15384615384615385,0.5384615384615384,1.4615384615384615,1.9230769230769231
228,FC Krasnodar,RUS,2,0,12,4,2,6,14,22,10,-8,0.3333333333333333,0.16666666666666666,0.5,1.1666666666666667,1.8333333333333333
229,Vejle BK,DEN,4,0,12,3,4,5,13,22,10,-9,0.25,0.3333333333333333,0.4166666666666667,1.0833333333333333,1.8333333333333333
230,ÍA Akranes,ISL,9,0,22,3,4,15,18,47,10,-29,0.13636363636363635,0.18181818181818182,0.6818181818181818,0.8181818181818182,2.1363636363636362
231,KR Reykjavík,ISL,10,0,21,3,4,14,20,66,10,-46,0.14285714285714285,0.19047619047619047,0.6666666666666666,0.9523809523809523,3.142857142857143
232,FC Amsterdam,NED,1,0,6,4,1,1,13,4,9,9,0.6666666666666666,0.16666666666666666,0.16666666666666666,2.1666666666666665,0.6666666666666666
233,FK Bodø/Glimt,NOR,2,0,10,4,1,5,22,14,9,8,0.4,0.1,0.5,2.2,1.4
234,Everton FC,ENG,3,0,10,2,5,3,14,10,9,4,0.2,0.5,0.3,1.4,1.0
235,FC Shakhter Karagandy,KAZ,2,0,8,4,1,3,10,8,9,2,0.5,0.125,0.375,1.25,1.0
236,FC Sion,SUI,2,0,8,4,1,3,16,16,9,0,0.5,0.125,0.375,2.0,2.0
237,RC Celta de Vigo,ESP,1,0,10,3,3,4,12,13,9,-1,0.3,0.3,0.4,1.2,1.3
238,NK Olimpija Ljubljana,SVN,4,0,10,4,1,5,12,15,9,-3,0.4,0.1,0.5,1.2,1.5
239,KAA Gent,BEL,3,0,13,4,1,8,14,23,9,-9,0.3076923076923077,0.07692307692307693,0.6153846153846154,1.0769230769230769,1.7692307692307692
240,HŠK Zrinjski,BIH,7,0,14,2,5,7,6,19,9,-13,0.14285714285714285,0.35714285714285715,0.5,0.42857142857142855,1.3571428571428572
241,Esbjerg fB,DEN,4,0,12,3,3,6,11,28,9,-17,0.25,0.25,0.5,0.9166666666666666,2.3333333333333335
242,FK Željezničar,BIH,6,0,16,4,1,11,13,31,9,-18,0.25,0.0625,0.6875,0.8125,1.9375
243,Barry Town United FC,WAL,6,0,14,4,1,9,11,38,9,-27,0.2857142857142857,0.07142857142857142,0.6428571428571429,0.7857142857142857,2.7142857142857144
244,Valur,ISL,11,0,24,3,3,18,13,66,9,-53,0.125,0.125,0.75,0.5416666666666666,2.75
245,ASC Campionii FC Arges,ROU,2,0,8,4,0,4,13,10,8,3,0.5,0.0,0.5,1.625,1.25
246,Neuchâtel Xamax FCS,SUI,2,0,8,4,0,4,14,13,8,1,0.5,0.0,0.5,1.75,1.625
247,Åtvidabergs FF,SWE,2,0,8,4,0,4,12,12,8,0,0.5,0.0,0.5,1.5,1.5
248,NK Domžale,SVN,2,0,8,4,0,4,10,12,8,-2,0.5,0.0,0.5,1.25,1.5
249,Real Betis Balompié,ESP,1,0,8,3,2,3,6,9,8,-3,0.375,0.25,0.375,0.75,1.125
250,KV Mechelen,BEL,1,0,6,2,3,1,9,3,7,6,0.3333333333333333,0.5,0.16666666666666666,1.5,0.5
251,Hibernian FC,SCO,1,0,6,3,1,2,9,5,7,4,0.5,0.16666666666666666,0.3333333333333333,1.5,0.8333333333333334
252,RC Strasbourg Alsace,FRA,1,0,6,3,1,2,8,6,7,2,0.5,0.16666666666666666,0.3333333333333333,1.3333333333333333,1.0
253,IFK Malmö,SWE,1,0,6,3,1,2,7,7,7,0,0.5,0.16666666666666666,0.3333333333333333,1.1666666666666667,1.1666666666666667
254,FC Slavia Mozyr,BLR,2,0,8,2,3,3,11,12,7,-1,0.25,0.375,0.375,1.375,1.5
255,ŁKS Łódź,POL,2,0,6,3,1,2,9,10,7,-1,0.5,0.16666666666666666,0.3333333333333333,1.5,1.6666666666666667
256,FC Unirea Urziceni,ROU,2,0,8,2,3,3,8,9,7,-1,0.25,0.375,0.375,1.0,1.125
257,NK Široki Brijeg,BIH,2,0,6,3,1,2,4,5,7,-1,0.5,0.16666666666666666,0.3333333333333333,0.6666666666666666,0.8333333333333334
258,FC Lokomotiv Sofia 1929,BUL,2,0,8,3,1,4,19,21,7,-2,0.375,0.125,0.5,2.375,2.625
259,FC Kairat Almaty,KAZ,2,0,6,3,1,2,8,11,7,-3,0.5,0.16666666666666666,0.3333333333333333,1.3333333333333333,1.8333333333333333
260,KF Shkëndija,MKD,4,0,12,3,1,8,8,21,7,-13,0.25,0.08333333333333333,0.6666666666666666,0.6666666666666666,1.75
261,B36 Tórshavn,FRO,6,0,14,2,3,9,12,30,7,-18,0.14285714285714285,0.21428571428571427,0.6428571428571429,0.8571428571428571,2.142857142857143
262,FC Santa Coloma,AND,9,0,18,2,3,13,12,32,7,-20,0.1111111111111111,0.16666666666666666,0.7222222222222222,0.6666666666666666,1.7777777777777777
263,Floriana FC,MLT,8,0,17,2,3,12,5,53,7,-48,0.11764705882352941,0.17647058823529413,0.7058823529411765,0.29411764705882354,3.1176470588235294
264,Ipswich Town FC,ENG,1,0,4,3,0,1,16,5,6,11,0.75,0.0,0.25,4.0,1.25
265,TSV 1860 München,GER,2,0,6,3,0,3,13,7,6,6,0.5,0.0,0.5,2.1666666666666665,1.1666666666666667
266,Bohemians 1905,CZE,1,0,4,3,0,1,7,2,6,5,0.75,0.0,0.25,1.75,0.5
267,1. FC Magdeburg,GER,3,0,8,3,0,5,15,11,6,4,0.375,0.0,0.625,1.875,1.375
268,KSK Beveren,BEL,2,0,6,2,2,2,11,8,6,3,0.3333333333333333,0.3333333333333333,0.3333333333333333,1.8333333333333333,1.3333333333333333
269,Hapoel Kiryat Shmona FC,ISR,1,0,6,2,2,2,9,6,6,3,0.3333333333333333,0.3333333333333333,0.3333333333333333,1.5,1.0
270,Sparta Rotterdam,NED,1,0,6,3,0,3,12,11,6,1,0.5,0.0,0.5,2.0,1.8333333333333333
271,FC Drita,KOS,2,0,5,3,0,2,8,7,6,1,0.6,0.0,0.4,1.6,1.4
272,HNK Rijeka,CRO,2,0,8,2,2,4,10,11,6,-1,0.25,0.25,0.5,1.25,1.375
273,Baki FK,AZE,2,0,6,2,2,2,7,8,6,-1,0.3333333333333333,0.3333333333333333,0.3333333333333333,1.1666666666666667,1.3333333333333333
274,FC Slovan Liberec,CZE,3,0,8,2,2,4,6,8,6,-2,0.25,0.25,0.5,0.75,1.0
275,Wolverhampton Wanderers FC,ENG,2,0,8,2,2,4,12,16,6,-4,0.25,0.25,0.5,1.5,2.0
276,KS Polonia Bytom,POL,2,0,6,3,0,3,8,12,6,-4,0.5,0.0,0.5,1.3333333333333333,2.0
277,Hvidovre IF,DEN,3,0,8,1,4,3,13,19,6,-6,0.125,0.5,0.375,1.625,2.375
278,KF Vllaznia,ALB,3,0,8,3,0,5,9,16,6,-7,0.375,0.0,0.625,1.125,2.0
279,Birkirkara FC,MLT,4,0,9,2,2,5,9,19,6,-10,0.2222222222222222,0.2222222222222222,0.5555555555555556,1.0,2.111111111111111
280,Istanbul Basaksehir FK,TUR,3,0,12,2,2,8,15,28,6,-13,0.16666666666666666,0.16666666666666666,0.6666666666666666,1.25,2.3333333333333335
281,Odense BK,DEN,4,0,10,2,2,6,10,27,6,-17,0.2,0.2,0.6,1.0,2.7
282,FK Dinamo Tirana,ALB,6,0,14,2,2,10,7,25,6,-18,0.14285714285714285,0.14285714285714285,0.7142857142857143,0.5,1.7857142857142858
283,FC Reipas,FIN,3,0,8,2,2,4,8,30,6,-22,0.25,0.25,0.5,1.0,3.75
284,Waterford FC,IRL,6,0,14,3,0,11,15,47,6,-32,0.21428571428571427,0.0,0.7857142857142857,1.0714285714285714,3.357142857142857
285,NŠ Mura,SVN,1,0,4,2,1,1,7,3,5,4,0.5,0.25,0.25,1.75,0.75
286,KSP Polonia Warszawa,POL,1,0,4,2,1,1,10,8,5,2,0.5,0.25,0.25,2.5,2.0
287,FC Zbrojovka Brno,CZE,1,0,4,1,3,0,7,5,5,2,0.25,0.75,0.0,1.75,1.25
288,Lyngby BK,DEN,2,0,6,2,1,3,7,5,5,2,0.3333333333333333,0.16666666666666666,0.5,1.1666666666666667,0.8333333333333334
289,FC Zorya Luhansk,UKR,1,0,4,2,1,1,3,1,5,2,0.5,0.25,0.25,0.75,0.25
290,FC Shirak,ARM,2,0,6,1,3,2,6,5,5,1,0.16666666666666666,0.5,0.3333333333333333,1.0,0.8333333333333334
291,Drogheda United FC,IRL,1,0,4,2,1,1,6,5,5,1,0.5,0.25,0.25,1.5,1.25
292,Hellas Verona FC,ITA,1,0,4,2,1,1,5,4,5,1,0.5,0.25,0.25,1.25,1.0
293,KF Feronikeli,KOS,1,0,4,2,1,1,5,4,5,1,0.5,0.25,0.25,1.25,1.0
294,FK Rudar Pljevlja,MNE,2,0,6,2,1,3,7,7,5,0,0.3333333333333333,0.16666666666666666,0.5,1.1666666666666667,1.1666666666666667
295,Myllykosken Pallo -47,FIN,1,0,4,2,1,1,4,4,5,0,0.5,0.25,0.25,1.0,1.0
296,FK Obilic,SRB,1,0,4,2,1,1,5,6,5,-1,0.5,0.25,0.25,1.25,1.5
297,MFK Karviná,CZE,1,0,4,2,1,1,4,5,5,-1,0.5,0.25,0.25,1.0,1.25
298,FC Rapid 1923,ROU,3,0,8,1,3,4,9,11,5,-2,0.125,0.375,0.5,1.125,1.375
299,AS Trenčín,SVK,2,0,6,2,1,3,9,11,5,-2,0.3333333333333333,0.16666666666666666,0.5,1.5,1.8333333333333333
300,FK Samaxi,AZE,2,0,6,1,3,2,3,5,5,-2,0.16666666666666666,0.5,0.3333333333333333,0.5,0.8333333333333334
301,Víkingur Reykjavík,ISL,4,0,10,2,1,7,17,20,5,-3,0.2,0.1,0.7,1.7,2.0
302,FK Kukësi,ALB,2,0,6,1,3,2,3,6,5,-3,0.16666666666666666,0.5,0.3333333333333333,0.5,1.0
303,B 1903 København,DEN,3,0,8,2,1,5,7,11,5,-4,0.25,0.125,0.625,0.875,1.375
304,FC Astana 64,KAZ,2,0,6,2,1,3,9,14,5,-5,0.3333333333333333,0.16666666666666666,0.5,1.5,2.3333333333333335
305,Apollon Limassol FC,CYP,3,0,8,2,1,5,7,13,5,-6,0.25,0.125,0.625,0.875,1.625
306,ÍBV Vestmannaeyjar,ISL,3,0,8,2,1,5,6,12,5,-6,0.25,0.125,0.625,0.75,1.5
307,FC Petrolul Ploiesti,ROU,3,0,8,2,1,5,8,15,5,-7,0.25,0.125,0.625,1.0,1.875
308,FK Sloga Jugomagnat,MKD,3,0,10,1,3,6,5,12,5,-7,0.1,0.3,0.6,0.5,1.2
309,Heart of Midlothian FC,SCO,3,0,8,2,1,5,8,16,5,-8,0.25,0.125,0.625,1.0,2.0
310,Cork City FC,IRL,3,0,10,2,1,7,7,16,5,-9,0.2,0.1,0.7,0.7,1.6
311,Víkingur,FRO,3,0,8,2,1,5,9,21,5,-12,0.25,0.125,0.625,1.125,2.625
312,Nõmme Kalju FC,EST,2,0,8,2,1,5,6,20,5,-14,0.25,0.125,0.625,0.75,2.5
313,FC Dynamo Brest,BLR,1,0,3,2,0,1,8,5,4,3,0.6666666666666666,0.0,0.3333333333333333,2.6666666666666665,1.6666666666666667
314,Stabæk Fotball,NOR,1,0,4,1,2,1,6,4,4,2,0.25,0.5,0.25,1.5,1.0
315,B 1913 Odense,DEN,1,0,4,2,0,2,15,14,4,1,0.5,0.0,0.5,3.75,3.5
316,Dunaferr SE,HUN,1,0,4,1,2,1,7,6,4,1,0.25,0.5,0.25,1.75,1.5
317,Burnley FC,ENG,1,0,4,2,0,2,8,8,4,0,0.5,0.0,0.5,2.0,2.0
318,TSV Eintracht Braunschweig,GER,1,0,5,2,0,3,5,5,4,0,0.4,0.0,0.6,1.0,1.0
319,Cagliari Calcio,ITA,1,0,4,2,0,2,5,5,4,0,0.5,0.0,0.5,1.25,1.25
320,Torino FC,ITA,1,0,4,1,2,1,4,4,4,0,0.25,0.5,0.25,1.0,1.0
321,FK Mladá Boleslav,CZE,1,0,4,1,2,1,8,9,4,-1,0.25,0.5,0.25,2.0,2.25
322,FC Prishtina,KOS,1,0,4,2,0,2,5,6,4,-1,0.5,0.0,0.5,1.25,1.5
323,LASK,AUT,2,0,6,2,0,4,8,10,4,-2,0.3333333333333333,0.0,0.6666666666666666,1.3333333333333333,1.6666666666666667
324,FC Jazz,FIN,1,0,4,2,0,2,6,8,4,-2,0.5,0.0,0.5,1.5,2.0
325,Inter Club d'Escaldes,AND,3,0,5,2,0,3,4,6,4,-2,0.4,0.0,0.6,0.8,1.2
326,SK Brann,NOR,2,0,6,1,2,3,4,6,4,-2,0.16666666666666666,0.3333333333333333,0.5,0.6666666666666666,1.0
327,FC Milsami Orhei,MDA,1,0,4,2,0,2,3,5,4,-2,0.5,0.0,0.5,0.75,1.25
328,FC Molenbeek Brussels Strombeek,BEL,1,0,4,2,0,2,6,9,4,-3,0.5,0.0,0.5,1.5,2.25
329,FC Zestafoni,GEO,2,0,6,1,2,3,6,9,4,-3,0.16666666666666666,0.3333333333333333,0.5,1.0,1.5
330,Gwardia Warszawa,POL,2,0,5,1,2,2,6,9,4,-3,0.2,0.4,0.4,1.2,1.8
331,FK Modrica,BIH,1,0,4,2,0,2,5,8,4,-3,0.5,0.0,0.5,1.25,2.0
332,Kilmarnock FC,SCO,1,0,4,1,2,1,4,7,4,-3,0.25,0.5,0.25,1.0,1.75
333,FC Hradec Králové,CZE,1,0,4,1,2,1,2,5,4,-3,0.25,0.5,0.25,0.5,1.25
334,FK Borac Banja Luka,BIH,2,0,4,2,0,2,7,11,4,-4,0.5,0.0,0.5,1.75,2.75
335,FC La Chaux-de-Fonds,SUI,1,0,4,1,2,1,5,9,4,-4,0.25,0.5,0.25,1.25,2.25
336,Zalaegerszegi TE,HUN,1,0,4,2,0,2,3,7,4,-4,0.5,0.0,0.5,0.75,1.75
337,FC Levadia Maardu,EST,2,0,6,1,2,3,8,14,4,-6,0.16666666666666666,0.3333333333333333,0.5,1.3333333333333333,2.3333333333333335
338,FK Suduva,LTU,3,0,8,1,2,5,5,13,4,-8,0.125,0.25,0.625,0.625,1.625
339,FK Mogren,MNE,2,0,6,2,0,4,7,17,4,-10,0.3333333333333333,0.0,0.6666666666666666,1.1666666666666667,2.8333333333333335
340,FK Buducnost Podgorica,MNE,5,0,9,1,2,6,5,17,4,-12,0.1111111111111111,0.2222222222222222,0.6666666666666666,0.5555555555555556,1.8888888888888888
341,Viking FK,NOR,7,0,14,1,2,11,11,29,4,-18,0.07142857142857142,0.14285714285714285,0.7857142857142857,0.7857142857142857,2.0714285714285716
342,FK Lyn,NOR,4,0,10,2,0,8,14,41,4,-27,0.2,0.0,0.8,1.4,4.1
343,Crusaders FC,NIR,6,0,14,1,2,11,7,52,4,-45,0.07142857142857142,0.14285714285714285,0.7857142857142857,0.5,3.7142857142857144
344,FC Metalist Kharkiv,UKR,1,0,2,1,1,0,3,1,3,2,0.5,0.5,0.0,1.5,0.5
345,FC Shkupi 1927,MKD,1,0,4,1,1,2,5,5,3,0,0.25,0.25,0.5,1.25,1.25
346,FC Spartak Plovdiv,BUL,1,0,4,1,1,2,3,3,3,0,0.25,0.25,0.5,0.75,0.75
347,FC Aarau,SUI,1,0,4,1,1,2,3,3,3,0,0.25,0.25,0.5,0.75,0.75
348,Bologna FC,ITA,1,0,3,1,1,1,2,2,3,0,0.3333333333333333,0.3333333333333333,0.3333333333333333,0.6666666666666666,0.6666666666666666
349,Akademisk Boldklub,DEN,1,0,4,1,1,2,4,5,3,-1,0.25,0.25,0.5,1.0,1.25
350,FK Leotar,BIH,1,0,4,1,1,2,3,4,3,-1,0.25,0.25,0.5,0.75,1.0
351,FC Torpedo Moskva,RUS,2,0,4,0,3,1,0,1,3,-1,0.0,0.75,0.25,0.0,0.25
352,FC Timisoara,ROU,1,0,4,0,3,1,2,4,3,-2,0.0,0.75,0.25,0.5,1.0
353,Blackburn Rovers FC,ENG,1,0,6,1,1,4,5,8,3,-3,0.16666666666666666,0.16666666666666666,0.6666666666666666,0.8333333333333334,1.3333333333333333
354,Riga FC,LVA,3,0,5,0,3,2,1,4,3,-3,0.0,0.6,0.4,0.2,0.8
355,SC Tavriya Simferopol,UKR,1,0,4,1,1,2,4,8,3,-4,0.25,0.25,0.5,1.0,2.0
356,FC Belshina Bobruisk,BLR,1,0,4,1,1,2,3,7,3,-4,0.25,0.25,0.5,0.75,1.75
357,TSG 1899 Hoffenheim,GER,2,0,8,0,3,5,14,20,3,-6,0.0,0.375,0.625,1.75,2.5
358,sc Heerenveen,NED,1,0,6,1,1,4,3,9,3,-6,0.16666666666666666,0.16666666666666666,0.6666666666666666,0.5,1.5
359,WKS Slask Wroclaw,POL,2,0,6,1,1,4,5,12,3,-7,0.16666666666666666,0.16666666666666666,0.6666666666666666,0.8333333333333334,2.0
360,FK Sileks,MKD,3,0,5,1,1,3,2,9,3,-7,0.2,0.2,0.6,0.4,1.8
361,EB/Streymur,FRO,2,0,6,1,1,4,9,17,3,-8,0.16666666666666666,0.16666666666666666,0.6666666666666666,1.5,2.8333333333333335
362,FC WIT Georgia,GEO,2,0,6,1,1,4,8,17,3,-9,0.16666666666666666,0.16666666666666666,0.6666666666666666,1.3333333333333333,2.8333333333333335
363,SK Liepajas Metalurgs,LVA,2,0,6,1,1,4,3,14,3,-11,0.16666666666666666,0.16666666666666666,0.6666666666666666,0.5,2.3333333333333335
364,Östers IF,SWE,4,0,8,1,1,6,3,14,3,-11,0.125,0.125,0.75,0.375,1.75
365,K. Lierse SK,BEL,2,0,10,1,1,8,6,19,3,-13,0.1,0.1,0.8,0.6,1.9
366,Fredrikstad FK,NOR,3,0,8,1,1,6,6,22,3,-16,0.125,0.125,0.75,0.75,2.75
367,Derry City FC,IRL,4,0,9,1,1,7,9,26,3,-17,0.1111111111111111,0.1111111111111111,0.7777777777777778,1.0,2.888888888888889
368,FK Sutjeska,MNE,5,0,12,0,3,9,3,23,3,-20,0.0,0.25,0.75,0.25,1.9166666666666667
369,Saint Patrick's Athletic FC,IRL,4,0,8,0,3,5,2,23,3,-21,0.0,0.375,0.625,0.25,2.875
370,NK Celje,SVN,1,0,2,1,0,1,4,2,2,2,0.5,0.0,0.5,2.0,1.0
371,Cwmbran Town FC,WAL,1,0,2,1,0,1,4,4,2,0,0.5,0.0,0.5,2.0,2.0
372,FC Urartu,ARM,1,0,2,1,0,1,3,3,2,0,0.5,0.0,0.5,1.5,1.5
373,Larissa FC,GRE,1,0,2,1,0,1,3,3,2,0,0.5,0.0,0.5,1.5,1.5
374,Kalmar FF,SWE,1,0,2,1,0,1,3,3,2,0,0.5,0.0,0.5,1.5,1.5
375,NK Zagreb,CRO,1,0,2,1,0,1,2,2,2,0,0.5,0.0,0.5,1.0,1.0
376,AEK Larnaca FC,CYP,1,0,2,0,2,0,2,2,2,0,0.0,1.0,0.0,1.0,1.0
377,RFS,LVA,1,0,2,1,0,1,2,2,2,0,0.5,0.0,0.5,1.0,1.0
378,KS Flamurtari,ALB,1,0,2,0,2,0,1,1,2,0,0.0,1.0,0.0,0.5,0.5
379,CA Osasuna,ESP,1,0,2,0,2,0,1,1,2,0,0.0,1.0,0.0,0.5,0.5
380,FC Koper,SVN,1,0,2,1,0,1,4,5,2,-1,0.5,0.0,0.5,2.0,2.5
381,NK Brotnjo,BIH,1,0,2,1,0,1,3,4,2,-1,0.5,0.0,0.5,1.5,2.0
382,R. Union Saint-Gilloise,BEL,1,0,2,1,0,1,2,3,2,-1,0.5,0.0,0.5,1.0,1.5
383,FC Dacia Chisinau,MDA,1,0,2,1,0,1,2,3,2,-1,0.5,0.0,0.5,1.0,1.5
384,FC Gomel,BLR,1,0,2,1,0,1,1,2,2,-1,0.5,0.0,0.5,0.5,1.0
385,FC Dynamo Moscow,RUS,1,0,2,1,0,1,1,2,2,-1,0.5,0.0,0.5,0.5,1.0
386,1. FC Saarbrücken,GER,1,0,2,1,0,1,5,7,2,-2,0.5,0.0,0.5,2.5,3.5
387,FK Zeta,MNE,1,0,4,1,0,3,5,7,2,-2,0.25,0.0,0.75,1.25,1.75
388,Ararat-Armenia FC,ARM,2,0,3,1,0,2,3,5,2,-2,0.3333333333333333,0.0,0.6666666666666666,1.0,1.6666666666666667
389,FC Lugano,SUI,1,0,2,1,0,1,2,4,2,-2,0.5,0.0,0.5,1.0,2.0
390,NSÍ Runavík,FRO,1,0,2,1,0,1,1,3,2,-2,0.5,0.0,0.5,0.5,1.5
391,FC Hansa Rostock,GER,1,0,2,1,0,1,1,3,2,-2,0.5,0.0,0.5,0.5,1.5
392,KA Akureyri,ISL,1,0,2,1,0,1,1,3,2,-2,0.5,0.0,0.5,0.5,1.5
393,PFC Botev Plovdiv,BUL,2,0,4,1,0,3,5,8,2,-3,0.25,0.0,0.75,1.25,2.0
394,Szombierki Bytom,POL,1,0,4,1,0,3,4,7,2,-3,0.25,0.0,0.75,1.0,1.75
395,Sivasspor,TUR,1,0,2,1,0,1,3,6,2,-3,0.5,0.0,0.5,1.5,3.0
396,FC Sioni Bolnisi,GEO,1,0,4,1,0,3,2,5,2,-3,0.25,0.0,0.75,0.5,1.25
397,Breidablik,ISL,1,0,2,1,0,1,2,5,2,-3,0.5,0.0,0.5,1.0,2.5
398,FK Pobeda,MKD,2,0,4,0,2,2,2,5,2,-3,0.0,0.5,0.5,0.5,1.25
399,FK Spartaks Jurmala,LVA,2,0,4,0,2,2,1,4,2,-3,0.0,0.5,0.5,0.25,1.0
400,FCV Farul,ROU,1,0,2,1,0,1,1,4,2,-3,0.5,0.0,0.5,0.5,2.0
401,Llanelli AFC,WAL,1,0,2,1,0,1,1,4,2,-3,0.5,0.0,0.5,0.5,2.0
402,FC Saburtalo,GEO,1,0,4,1,0,3,4,8,2,-4,0.25,0.0,0.75,1.0,2.0
403,FC Differdange 03,LUX,1,0,2,1,0,1,3,7,2,-4,0.5,0.0,0.5,1.5,3.5
404,Zaglebie Lubin,POL,2,0,4,1,0,3,3,7,2,-4,0.25,0.0,0.75,0.75,1.75
405,MFK Ružomberok,SVK,1,0,4,1,0,3,3,7,2,-4,0.25,0.0,0.75,0.75,1.75
406,Hapoel Haifa FC,ISR,1,0,4,0,2,2,1,5,2,-4,0.0,0.5,0.5,0.25,1.25
407,FK Şämkir,AZE,2,0,6,1,0,5,6,11,2,-5,0.16666666666666666,0.0,0.8333333333333334,1.0,1.8333333333333333
408,Käpäz PFK,AZE,2,0,4,1,0,3,4,9,2,-5,0.25,0.0,0.75,1.0,2.25
409,FC Vaslui,ROU,2,0,4,0,2,2,2,7,2,-5,0.0,0.5,0.5,0.5,1.75
410,FC Metalurgi Rustavi,GEO,2,0,4,0,2,2,1,6,2,-5,0.0,0.5,0.5,0.25,1.5
411,Montpellier Hérault SC,FRA,1,0,6,0,2,4,6,12,2,-6,0.0,0.3333333333333333,0.6666666666666666,1.0,2.0
412,Europa FC,GIB,2,0,3,1,0,2,3,9,2,-6,0.3333333333333333,0.0,0.6666666666666666,1.0,3.0
413,FC Tobol Kostanay,KAZ,2,0,4,0,2,2,2,8,2,-6,0.0,0.5,0.5,0.5,2.0
414,Athlone Town FC,IRL,2,0,4,0,2,2,7,14,2,-7,0.0,0.5,0.5,1.75,3.5
415,Willem II,NED,1,0,6,0,2,4,7,15,2,-8,0.0,0.3333333333333333,0.6666666666666666,1.1666666666666667,2.5
416,KF Elbasani,ALB,2,0,4,1,0,3,1,9,2,-8,0.25,0.0,0.75,0.25,2.25
417,UE Sant Julià,AND,1,0,4,0,2,2,2,11,2,-9,0.0,0.5,0.5,0.5,2.75
418,S.S. Tre Fiori F.C.,SMR,4,0,7,0,2,5,4,16,2,-12,0.0,0.2857142857142857,0.7142857142857143,0.5714285714285714,2.2857142857142856
419,KÍ Klaksvík,FRO,4,0,7,1,0,6,5,18,2,-13,0.14285714285714285,0.0,0.8571428571428571,0.7142857142857143,2.5714285714285716
420,FCM UTA Arad,ROU,2,0,6,0,2,4,3,17,2,-14,0.0,0.3333333333333333,0.6666666666666666,0.5,2.8333333333333335
421,CS Fola Esch,LUX,4,0,7,0,2,5,3,19,2,-16,0.0,0.2857142857142857,0.7142857142857143,0.42857142857142855,2.7142857142857144
422,SP Tre Penne,SMR,4,0,7,1,0,6,2,20,2,-18,0.14285714285714285,0.0,0.8571428571428571,0.2857142857142857,2.857142857142857
423,Dublin City FC,IRL,3,0,6,1,0,5,3,25,2,-22,0.16666666666666666,0.0,0.8333333333333334,0.5,4.166666666666667
424,TPS Turku,FIN,4,0,10,1,0,9,4,28,2,-24,0.1,0.0,0.9,0.4,2.8
425,Fram Reykjavík,ISL,4,0,8,0,2,6,4,28,2,-24,0.0,0.25,0.75,0.5,3.5
426,Hamrun Spartans FC,MLT,4,0,8,1,0,7,2,26,2,-24,0.125,0.0,0.875,0.25,3.25
427,CA Spora Luxembourg,LUX,3,0,7,1,0,6,7,36,2,-29,0.14285714285714285,0.0,0.8571428571428571,1.0,5.142857142857143
428,FC TVMK Tallinn,EST,1,0,2,0,1,1,3,4,1,-1,0.0,0.5,0.5,1.5,2.0
429,Csepel SC,HUN,1,0,2,0,1,1,3,4,1,-1,0.0,0.5,0.5,1.5,2.0
430,FC Tiraspol,MDA,1,0,2,0,1,1,3,4,1,-1,0.0,0.5,0.5,1.5,2.0
431,FC St.Gallen 1879,SUI,1,0,2,0,1,1,3,4,1,-1,0.0,0.5,0.5,1.5,2.0
432,Piast Gliwice,POL,1,0,2,0,1,1,2,3,1,-1,0.0,0.5,0.5,1.0,1.5
433,FC Metz,FRA,1,0,2,0,1,1,1,2,1,-1,0.0,0.5,0.5,0.5,1.0
434,FC Dinamo Batumi,GEO,1,0,2,0,1,1,1,2,1,-1,0.0,0.5,0.5,0.5,1.0
435,FC Irtysh Pavlodar,KAZ,1,0,2,0,1,1,1,2,1,-1,0.0,0.5,0.5,0.5,1.0
436,Ballkani,KOS,1,0,2,0,1,1,1,2,1,-1,0.0,0.5,0.5,0.5,1.0
437,Skeid FK,NOR,1,0,2,0,1,1,1,2,1,-1,0.0,0.5,0.5,0.5,1.0
438,Vitória SC,POR,1,0,2,0,1,1,1,2,1,-1,0.0,0.5,0.5,0.5,1.0
439,SK Admira Wacker Wien,AUT,1,0,2,0,1,1,0,1,1,-1,0.0,0.5,0.5,0.0,0.5
440,Xäzär Länkäran FK,AZE,1,0,2,0,1,1,2,4,1,-2,0.0,0.5,0.5,1.0,2.0
441,SJK Seinäjoki,FIN,1,0,2,0,1,1,2,4,1,-2,0.0,0.5,0.5,1.0,2.0
442,AC Chievo Verona,ITA,1,0,2,0,1,1,2,4,1,-2,0.0,0.5,0.5,1.0,2.0
443,FC Beroe 2000 Kazanlak,BUL,1,0,2,0,1,1,1,3,1,-2,0.0,0.5,0.5,0.5,1.5
444,FC Etar VT,BUL,1,0,2,0,1,1,1,3,1,-2,0.0,0.5,0.5,0.5,1.5
445,Silkeborg IF,DEN,1,0,2,0,1,1,1,3,1,-2,0.0,0.5,0.5,0.5,1.5
446,CS Grevenmacher,LUX,1,0,2,0,1,1,0,2,1,-2,0.0,0.5,0.5,0.0,1.0
447,Connah's Quay Nomads FC,WAL,2,0,3,0,1,2,2,5,1,-3,0.0,0.3333333333333333,0.6666666666666666,0.6666666666666666,1.6666666666666667
448,FC Astra Giurgiu,ROU,1,0,2,0,1,1,1,4,1,-3,0.0,0.5,0.5,0.5,2.0
449,Glenavon FC,NIR,1,0,2,0,1,1,0,3,1,-3,0.0,0.5,0.5,0.0,1.5
450,SC Rot-Weiss Essen,GER,1,0,2,0,1,1,1,5,1,-4,0.0,0.5,0.5,0.5,2.5
451,Hammarby Fotboll,SWE,1,0,2,0,1,1,1,5,1,-4,0.0,0.5,0.5,0.5,2.5
452,FC Lausanne-Sport,SUI,1,0,2,0,1,1,0,4,1,-4,0.0,0.5,0.5,0.0,2.0
453,Lisburn Distillery FC,NIR,1,0,2,0,1,1,3,8,1,-5,0.0,0.5,0.5,1.5,4.0
454,FC Linz,AUT,1,0,2,0,1,1,0,5,1,-5,0.0,0.5,0.5,0.0,2.5
455,FC Suduroy,FRO,1,0,2,0,1,1,0,5,1,-5,0.0,0.5,0.5,0.0,2.5
456,FC Norma Tallinn,EST,2,0,4,0,1,3,1,7,1,-6,0.0,0.25,0.75,0.25,1.75
457,FC Shakhtyor Soligorsk,BLR,3,0,6,0,1,5,0,6,1,-6,0.0,0.16666666666666666,0.8333333333333334,0.0,1.0
458,FK Kareda,LTU,2,0,4,0,1,3,1,8,1,-7,0.0,0.25,0.75,0.25,2.0
459,Stade Rennais FC,FRA,1,0,6,0,1,5,3,11,1,-8,0.0,0.16666666666666666,0.8333333333333334,0.5,1.8333333333333333
460,La Fiorita 1967,SMR,4,0,6,0,1,5,1,13,1,-12,0.0,0.16666666666666666,0.8333333333333334,0.16666666666666666,2.1666666666666665
461,FC Lusitans,AND,2,0,4,0,1,3,3,16,1,-13,0.0,0.25,0.75,0.75,4.0
462,Bursaspor SK,TUR,1,0,6,0,1,5,2,16,1,-14,0.0,0.16666666666666666,0.8333333333333334,0.3333333333333333,2.6666666666666665
463,B 1909 Odense,DEN,3,0,6,0,1,5,6,21,1,-15,0.0,0.16666666666666666,0.8333333333333334,1.0,3.5
464,FC Progrès Niederkorn,LUX,2,0,4,0,1,3,1,17,1,-16,0.0,0.25,0.75,0.25,4.25
465,AC Oulu,FIN,2,0,4,0,1,3,2,19,1,-17,0.0,0.25,0.75,0.5,4.75
466,FC Aris Bonnevoie,LUX,3,0,6,0,1,5,6,25,1,-19,0.0,0.16666666666666666,0.8333333333333334,1.0,4.166666666666667
467,Cliftonville FC,NIR,3,0,6,0,1,5,1,20,1,-19,0.0,0.16666666666666666,0.8333333333333334,0.16666666666666666,3.3333333333333335
468,Portadown FC,NIR,3,0,6,0,1,5,3,24,1,-21,0.0,0.16666666666666666,0.8333333333333334,0.5,4.0
469,KuPS Kuopio,FIN,4,0,7,0,1,6,4,26,1,-22,0.0,0.14285714285714285,0.8571428571428571,0.5714285714285714,3.7142857142857144
470,FC Nordsjælland,DEN,2,0,8,0,1,7,4,28,1,-24,0.0,0.125,0.875,0.5,3.5
471,Olympiakos Nicosia FC,CYP,3,0,6,0,1,5,4,36,1,-32,0.0,0.16666666666666666,0.8333333333333334,0.6666666666666666,6.0
472,NK Lokomotiva Zagreb,CRO,1,0,1,0,0,1,0,1,0,-1,0.0,0.0,1.0,0.0,1.0
473,DOS Utrecht,NED,1,0,2,0,0,2,4,6,0,-2,0.0,0.0,1.0,2.0,3.0
474,Ulisses FC,ARM,1,0,2,0,0,2,0,2,0,-2,0.0,0.0,1.0,0.0,1.0
475,FK Teplice,CZE,1,0,2,0,0,2,0,2,0,-2,0.0,0.0,1.0,0.0,1.0
476,FC Inter Turku,FIN,1,0,2,0,0,2,0,2,0,-2,0.0,0.0,1.0,0.0,1.0
477,FC Kilikia,ARM,1,0,2,0,0,2,3,6,0,-3,0.0,0.0,1.0,1.5,3.0
478,Rapid JC,NED,1,0,2,0,0,2,3,6,0,-3,0.0,0.0,1.0,1.5,3.0
479,Chemnitzer FC,GER,1,0,2,0,0,2,2,5,0,-3,0.0,0.0,1.0,1.0,2.5
480,FC Dnepr Mogilev,BLR,1,0,2,0,0,2,0,3,0,-3,0.0,0.0,1.0,0.0,1.5
481,FC Lantana,EST,1,0,2,0,0,2,0,3,0,-3,0.0,0.0,1.0,0.0,1.5
482,FCI Tallinn,EST,1,0,2,0,0,2,0,3,0,-3,0.0,0.0,1.0,0.0,1.5
483,FC Dila Gori,GEO,1,0,2,0,0,2,0,3,0,-3,0.0,0.0,1.0,0.0,1.5
484,FK Liepaja,LVA,1,0,2,0,0,2,0,3,0,-3,0.0,0.0,1.0,0.0,1.5
485,Örgryte IS,SWE,1,0,2,0,0,2,3,7,0,-4,0.0,0.0,1.0,1.5,3.5
486,FC Sachsen Leipzig,GER,1,0,2,0,0,2,2,6,0,-4,0.0,0.0,1.0,1.0,3.0
487,Trepça 89,KOS,1,0,2,0,0,2,2,6,0,-4,0.0,0.0,1.0,1.0,3.0
488,KS Stal Mielec,POL,2,0,4,0,0,4,2,6,0,-4,0.0,0.0,1.0,0.5,1.5
489,S.S. Folgore,SMR,2,0,3,0,0,3,2,6,0,-4,0.0,0.0,1.0,0.6666666666666666,2.0
490,Váci FC,HUN,1,0,2,0,0,2,1,5,0,-4,0.0,0.0,1.0,0.5,2.5
491,FK Makedonija GP Skopje,MKD,1,0,2,0,0,2,0,4,0,-4,0.0,0.0,1.0,0.0,2.0
492,Moss FK,NOR,1,0,2,0,0,2,0,4,0,-4,0.0,0.0,1.0,0.0,2.0
493,FC Paços de Ferreira,POR,1,0,2,0,0,2,3,8,0,-5,0.0,0.0,1.0,1.5,4.0
494,Pezoporikos FC,CYP,1,0,2,0,0,2,2,7,0,-5,0.0,0.0,1.0,1.0,3.5
495,Stjarnan,ISL,1,0,2,0,0,2,1,6,0,-5,0.0,0.0,1.0,0.5,3.0
496,KF Teuta,ALB,1,0,2,0,0,2,0,5,0,-5,0.0,0.0,1.0,0.0,2.5
497,FC Rànger’s,AND,1,0,2,0,0,2,0,5,0,-5,0.0,0.0,1.0,0.0,2.5
498,FC Yerevan,ARM,1,0,2,0,0,2,0,5,0,-5,0.0,0.0,1.0,0.0,2.5
499,SV Zulte Waregem,BEL,1,0,2,0,0,2,0,5,0,-5,0.0,0.0,1.0,0.0,2.5
500,Toulouse FC,FRA,1,0,2,0,0,2,0,5,0,-5,0.0,0.0,1.0,0.0,2.5
501,KF Renova,MKD,1,0,2,0,0,2,0,5,0,-5,0.0,0.0,1.0,0.0,2.5
502,OFK Titograd,MNE,1,0,2,0,0,2,0,5,0,-5,0.0,0.0,1.0,0.0,2.5
503,Motherwell FC,SCO,1,0,2,0,0,2,0,5,0,-5,0.0,0.0,1.0,0.0,2.5
504,FC Luzern,SUI,1,0,2,0,0,2,0,5,0,-5,0.0,0.0,1.0,0.0,2.5
505,HB Køge,DEN,1,0,2,0,0,2,1,7,0,-6,0.0,0.0,1.0,0.5,3.5
506,Cork Hibernians FC,IRL,1,0,2,0,0,2,1,7,0,-6,0.0,0.0,1.0,0.5,3.5
507,Cork Celtic FC,IRL,1,0,2,0,0,2,1,7,0,-6,0.0,0.0,1.0,0.5,3.5
508,PFC Lokomotiv Plovdiv 1926,BUL,1,0,2,0,0,2,0,6,0,-6,0.0,0.0,1.0,0.0,3.0
509,Herfølge BK,DEN,1,0,2,0,0,2,0,6,0,-6,0.0,0.0,1.0,0.0,3.0
510,FC Samtredia,GEO,1,0,2,0,0,2,0,6,0,-6,0.0,0.0,1.0,0.0,3.0
511,HIFK Helsinki,FIN,2,0,4,0,0,4,5,12,0,-7,0.0,0.0,1.0,1.25,3.0
512,Ards FC,NIR,1,0,2,0,0,2,3,10,0,-7,0.0,0.0,1.0,1.5,5.0
513,FC Alania Vladikavkaz,RUS,1,0,2,0,0,2,3,10,0,-7,0.0,0.0,1.0,1.5,5.0
514,Royal Antwerp FC,BEL,1,0,2,0,0,2,1,8,0,-7,0.0,0.0,1.0,0.5,4.0
515,HPS Helsinki,FIN,1,0,2,0,0,2,0,7,0,-7,0.0,0.0,1.0,0.0,3.5
516,FC Otelul Galati,ROU,1,0,6,0,0,6,3,11,0,-8,0.0,0.0,1.0,0.5,1.8333333333333333
517,IK Start,NOR,2,0,4,0,0,4,2,10,0,-8,0.0,0.0,1.0,0.5,2.5
518,Marsaxlokk FC,MLT,1,0,2,0,0,2,1,9,0,-8,0.0,0.0,1.0,0.5,4.5
519,FC Araks Ararat,ARM,2,0,4,0,0,4,0,8,0,-8,0.0,0.0,1.0,0.0,2.0
520,Strømsgodset IF,NOR,2,0,4,0,0,4,1,10,0,-9,0.0,0.0,1.0,0.25,2.5
521,IFK Mariehamn,FIN,1,0,2,0,0,2,0,9,0,-9,0.0,0.0,1.0,0.0,4.5
522,Sligo Rovers FC,IRL,2,0,4,0,0,4,0,9,0,-9,0.0,0.0,1.0,0.0,2.25
523,FC Daugava Daugavpils,LVA,1,0,2,0,0,2,1,11,0,-10,0.0,0.0,1.0,0.5,5.5
524,Coleraine FC,NIR,1,0,2,0,0,2,1,11,0,-10,0.0,0.0,1.0,0.5,5.5
525,B68 Toftir,FRO,1,0,2,0,0,2,0,11,0,-11,0.0,0.0,1.0,0.0,5.5
526,Limerick FC,IRL,2,0,4,0,0,4,4,16,0,-12,0.0,0.0,1.0,1.0,4.0
527,SS Murata,SMR,2,0,4,0,0,4,1,13,0,-12,0.0,0.0,1.0,0.25,3.25
528,Bangor City FC,WAL,1,0,2,0,0,2,0,13,0,-13,0.0,0.0,1.0,0.0,6.5
529,KPV Kokkola,FIN,1,0,2,0,0,2,0,14,0,-14,0.0,0.0,1.0,0.0,7.0
530,Enosis Pezoporikou Amol FC,CYP,1,0,2,0,0,2,0,16,0,-16,0.0,0.0,1.0,0.0,8.0
531,Rhyl FC,WAL,2,0,4,0,0,4,1,19,0,-18,0.0,0.0,1.0,0.25,4.75
532,CS Stade Dudelange,LUX,1,0,2,0,0,2,0,18,0,-18,0.0,0.0,1.0,0.0,9.0
533,Rabat Ajax FC,MLT,2,0,4,0,0,4,0,20,0,-20,0.0,0.0,1.0,0.0,5.0
534,Keflavík,ISL,4,0,8,0,0,8,5,35,0,-30,0.0,0.0,1.0,0.625,4.375
535,US Luxembourg,LUX,5,0,10,0,0,10,3,43,0,-40,0.0,0.0,1.0,0.3,4.3
536,FC Avenir Beggen,LUX,6,0,12,0,0,12,1,56,0,-55,0.0,0.0,1.0,0.08333333333333333,4.666666666666667
